App_Version,Module,Bug_ID,Bug_Description,Severity,Status,Occurrences,Time_to_Fix_Days,Release_Date
v2.2,Payment,BUG-1000,NullPointerException in login flow,Medium,Open,9,22.2,2024-11-23
v2.1,API,BUG-1001,Payment gateway timeout,Low,Open,33,18.3,2024-07-28
v2.1,API,BUG-1002,Database connection drops randomly,Medium,Fixed,1,22.9,2023-06-13
v1.1,Search,BUG-1003,Crash on empty form submission,,Fixed,23,25.5,2024-09-10
v2.0,UI,BUG-1004,Search returns wrong results,High,Fixed,36,9.1,2024-10-05
v2.1,Search,BUG-1005,Dashboard not loading on mobile,Low,Open,19,29.6,2023-08-27
v2.0,Profile,BUG-1006,Profile picture not uploading,Medium,Open,18,21.2,2024-11-30
v1.1,UI,BUG-1007,Database connection drops randomly,Low,Fixed,41,20.8,2023-08-13
v3.0,Login,BUG-1008,Database connection drops randomly,High,Reopened,26,8.4,2023-08-05
v2.2,Profile,BUG-1009,API returns 500 error,Medium,Fixed,42,14.0,2023-09-29
v2.1,Notifications,BUG-1010,Push notification not received,Medium,Fixed,24,7.0,2023-05-22
v1.0,Payment,BUG-1011,Notification delay observed,Medium,Fixed,28,18.1,2024-01-30
v2.1,Notifications,BUG-1012,Filter not working on date range,High,Open,47,3.9,2024-07-03
v1.2,Payment,BUG-1013,Authentication token expiry issue,Medium,Fixed,47,26.3,2023-09-27
v2.1,Payment,BUG-1014,Authentication token expiry issue,High,Fixed,13,5.0,2023-06-15
v2.1,Login,BUG-1015,Password reset link expiring early,Medium,Open,24,26.4,2023-11-11
v2.1,Payment,BUG-1016,Dashboard not loading on mobile,Medium,Reopened,49,16.2,2023-05-09
v2.1,Dashboard,BUG-1017,UI elements misaligned on Safari,Medium,Fixed,14,27.9,2024-12-07
v2.2,Profile,BUG-1018,Button unresponsive after first click,High,Fixed,16,,2023-12-13
v2.1,Search,BUG-1019,NullPointerException in login flow,Low,Fixed,15,2.5,2023-02-02
v1.1,Notifications,BUG-1020,Session timeout too aggressive,Low,Open,37,17.5,2023-09-06
v1.1,Payment,BUG-1021,Search returns wrong results,Medium,Fixed,27,14.3,2023-02-25
v1.0,Login,BUG-1022,Memory leak in background service,Medium,Reopened,7,7.8,2023-07-14
v1.1,Notifications,BUG-1023,Button unresponsive after first click,Low,Reopened,29,24.3,2024-07-17
v2.1,Login,BUG-1024,Dashboard not loading on mobile,High,Reopened,11,12.5,2024-05-07
v1.0,Dashboard,BUG-1025,Memory leak in background service,Low,Fixed,30,8.9,2024-12-14
v2.1,Database,BUG-1026,Notification delay observed,Low,Open,4,,2024-07-09
v1.0,Auth,BUG-1027,Session timeout too aggressive,Medium,Reopened,11,2.2,2024-06-04
v2.1,Payment,BUG-1028,Database connection drops randomly,Medium,Reopened,37,,2024-08-31
v2.2,Auth,BUG-1029,Push notification not received,Medium,Reopened,14,20.3,2023-11-18
v2.2,Notifications,BUG-1030,Button unresponsive after first click,Medium,Fixed,5,0.8,2024-09-28
v1.0,UI,BUG-1031,API returns 500 error,Medium,Open,23,26.5,2023-09-08
v3.0,UI,BUG-1032,Authentication token expiry issue,Medium,Reopened,42,16.1,2024-11-14
v2.2,Payment,BUG-1033,Notification delay observed,Low,Reopened,48,16.8,2023-10-06
v1.2,Search,BUG-1034,UI elements misaligned on Safari,,Fixed,4,3.2,2024-03-09
v1.2,Dashboard,BUG-1035,UI elements misaligned on Safari,Low,Fixed,46,13.1,2023-01-10
v2.2,Dashboard,BUG-1036,Filter not working on date range,Low,Fixed,36,,2023-05-11
v3.0,Login,BUG-1037,Incorrect data displayed after refresh,Low,Open,7,10.9,2024-07-27
v2.1,Dashboard,BUG-1038,Database connection drops randomly,High,Reopened,12,26.5,2023-01-26
v3.0,API,BUG-1039,Database connection drops randomly,Low,Fixed,7,11.8,2023-02-09
v3.0,Database,BUG-1040,Incorrect data displayed after refresh,Medium,Fixed,15,7.1,2024-11-06
v3.0,Payment,BUG-1041,UI elements misaligned on Safari,,Fixed,44,29.4,2024-07-03
v1.2,Dashboard,BUG-1042,Push notification not received,High,Fixed,7,18.1,2023-12-20
v2.1,UI,BUG-1043,Search returns wrong results,Medium,Fixed,17,,2024-03-22
v2.1,Search,BUG-1044,Incorrect data displayed after refresh,Medium,Reopened,22,18.9,2024-11-10
v1.2,UI,BUG-1045,Authentication token expiry issue,Medium,Fixed,45,9.2,2023-05-11
v2.0,Dashboard,BUG-1046,Password reset link expiring early,Medium,Fixed,1,9.5,2023-08-04
v2.2,Profile,BUG-1047,Button unresponsive after first click,Medium,Fixed,33,14.5,2023-06-23
v2.2,Auth,BUG-1048,Crash on empty form submission,Low,Reopened,16,20.3,2023-08-19
v1.0,Search,BUG-1049,Session timeout too aggressive,Medium,Fixed,30,12.7,2024-10-06
v2.0,Database,BUG-1050,Memory leak in background service,Low,Fixed,1,26.8,2023-04-20
v3.0,UI,BUG-1051,Button unresponsive after first click,Low,Open,8,14.0,2024-04-20
v2.1,Profile,BUG-1052,Button unresponsive after first click,Medium,Fixed,33,13.1,2024-07-15
v3.0,Database,BUG-1053,Button unresponsive after first click,Low,Open,41,8.7,2024-06-17
v2.0,Payment,BUG-1054,Authentication token expiry issue,Low,Fixed,35,2.9,2023-06-04
v2.2,Search,BUG-1055,Dashboard not loading on mobile,Medium,Fixed,30,12.8,2023-07-31
v3.0,Auth,BUG-1056,NullPointerException in login flow,High,Fixed,25,14.6,2023-12-27
v3.0,API,BUG-1057,Filter not working on date range,Medium,Fixed,39,27.0,2024-05-14
v1.0,API,BUG-1058,Crash on empty form submission,Medium,Fixed,47,5.4,2024-04-23
v2.1,Login,BUG-1059,Memory leak in background service,Medium,Fixed,6,19.5,2023-05-19
v1.2,API,BUG-1060,Crash on empty form submission,Low,Fixed,49,26.4,2023-10-12
v1.2,Payment,BUG-1061,Session timeout too aggressive,Low,Fixed,23,7.1,2023-03-12
v3.0,Login,BUG-1062,Database connection drops randomly,Low,Open,10,7.5,2024-04-29
v1.1,Database,BUG-1063,UI elements misaligned on Safari,High,Open,39,28.9,2023-04-28
v1.2,Payment,BUG-1064,Push notification not received,Low,Fixed,44,27.3,2024-01-20
v1.0,Auth,BUG-1065,Database connection drops randomly,Low,Fixed,44,18.2,2023-05-04
v1.0,Profile,BUG-1066,Filter not working on date range,Medium,Fixed,33,19.6,2023-01-13
v1.0,API,BUG-1067,Incorrect data displayed after refresh,Medium,Reopened,46,5.0,2023-06-30
v1.2,Auth,BUG-1068,Filter not working on date range,High,Fixed,47,18.0,2023-11-27
v1.0,Notifications,BUG-1069,Button unresponsive after first click,Low,Fixed,40,,2023-12-11
v1.1,Database,BUG-1070,API returns 500 error,Medium,Fixed,18,26.5,2024-12-19
v2.1,Search,BUG-1071,Dashboard not loading on mobile,Low,Fixed,36,22.9,2024-12-08
v2.0,Login,BUG-1072,Dashboard not loading on mobile,Low,Fixed,16,9.5,2024-08-18
v1.2,API,BUG-1073,Filter not working on date range,Medium,Fixed,18,9.5,2023-08-25
v1.0,UI,BUG-1074,Profile picture not uploading,Low,Fixed,18,21.9,2024-06-21
v3.0,Search,BUG-1075,Authentication token expiry issue,Low,Open,1,21.4,2023-05-10
v2.1,Notifications,BUG-1076,Notification delay observed,Medium,Fixed,7,26.2,2024-08-10
v1.2,Dashboard,BUG-1077,Payment gateway timeout,Low,Reopened,8,24.8,2024-02-15
v2.2,Login,BUG-1078,Notification delay observed,Low,Fixed,20,3.0,2023-09-12
v2.1,Auth,BUG-1079,Password reset link expiring early,Low,Fixed,29,27.3,2023-11-01
v1.2,Auth,BUG-1080,Password reset link expiring early,Low,Reopened,7,28.5,2023-08-01
v1.0,Dashboard,BUG-1081,Database connection drops randomly,Low,Open,1,12.6,2024-12-06
v1.1,Notifications,BUG-1082,Authentication token expiry issue,Medium,Fixed,44,7.4,2023-09-28
v2.2,Search,BUG-1083,Slow query execution in reports,Low,Open,10,,2023-05-26
v1.2,Auth,BUG-1084,Push notification not received,High,Fixed,30,20.8,2024-12-17
v2.1,Database,BUG-1085,Button unresponsive after first click,Low,Open,28,22.2,2024-09-10
v2.2,Auth,BUG-1086,Push notification not received,High,Reopened,44,,2024-08-13
v2.0,UI,BUG-1087,Button unresponsive after first click,High,Open,38,13.4,2024-05-18
v2.0,Profile,BUG-1088,Crash on empty form submission,Medium,Reopened,22,12.6,2024-05-22
v3.0,UI,BUG-1089,Payment gateway timeout,Medium,Fixed,21,3.9,2024-02-18
v1.0,UI,BUG-1090,Button unresponsive after first click,Medium,Open,24,18.9,2024-05-25
v1.1,Notifications,BUG-1091,Filter not working on date range,Low,Fixed,45,14.8,2023-01-30
v1.1,Dashboard,BUG-1092,Authentication token expiry issue,Medium,Fixed,6,7.1,2023-04-27
v3.0,Dashboard,BUG-1093,Session timeout too aggressive,High,Fixed,46,8.6,2024-05-09
v2.1,Dashboard,BUG-1094,Memory leak in background service,Low,Fixed,48,26.4,2023-03-13
v2.0,Profile,BUG-1095,CSV export missing columns,Low,Open,47,9.3,2024-08-24
v3.0,Dashboard,BUG-1096,Button unresponsive after first click,Medium,Fixed,36,23.0,2024-01-22
v1.1,Search,BUG-1097,Push notification not received,Medium,Reopened,27,1.8,2024-04-29
v2.0,Dashboard,BUG-1098,Session timeout too aggressive,High,Open,38,10.3,2023-04-13
v2.1,Database,BUG-1099,NullPointerException in login flow,Medium,Fixed,42,29.1,2023-03-18
v1.2,Auth,BUG-1100,Memory leak in background service,Medium,Reopened,44,25.9,2024-01-25
v3.0,Database,BUG-1101,Filter not working on date range,Low,Open,41,20.7,2023-10-22
v2.0,Payment,BUG-1102,Search returns wrong results,Medium,Fixed,2,1.9,2023-02-27
v1.1,Search,BUG-1103,CSV export missing columns,Medium,Fixed,12,5.5,2023-03-22
v2.2,Search,BUG-1104,Session timeout too aggressive,,Open,30,19.3,2024-04-15
v3.0,Database,BUG-1105,Authentication token expiry issue,Medium,Open,29,28.4,2024-08-24
v2.2,Notifications,BUG-1106,Button unresponsive after first click,High,Open,25,25.7,2023-04-20
v2.1,Notifications,BUG-1107,Authentication token expiry issue,Low,Reopened,26,8.6,2024-08-02
v1.0,Auth,BUG-1108,Session timeout too aggressive,High,Reopened,50,24.1,2024-09-13
v1.1,Auth,BUG-1109,UI elements misaligned on Safari,Medium,Fixed,43,20.6,2023-05-21
v2.2,Login,BUG-1110,Authentication token expiry issue,High,Open,24,22.1,2023-04-03
v2.0,Dashboard,BUG-1111,API returns 500 error,Low,Fixed,24,16.2,2023-10-07
v3.0,Database,BUG-1112,Authentication token expiry issue,Medium,Fixed,8,14.3,2023-03-19
v3.0,API,BUG-1113,Filter not working on date range,Medium,Fixed,1,8.3,2023-05-07
v2.2,Notifications,BUG-1114,Push notification not received,Medium,Fixed,24,3.7,2023-08-28
v2.1,Profile,BUG-1115,Password reset link expiring early,Low,Open,30,27.3,2023-11-06
v1.0,Login,BUG-1116,Authentication token expiry issue,High,Open,16,26.7,2023-05-19
v2.2,UI,BUG-1117,Slow query execution in reports,Medium,Fixed,27,19.8,2024-05-16
v1.2,Login,BUG-1118,Incorrect data displayed after refresh,Low,Fixed,16,25.7,2023-04-12
v2.2,Profile,BUG-1119,Payment gateway timeout,Medium,Open,8,28.5,2024-04-10
v2.2,Auth,BUG-1120,NullPointerException in login flow,Low,Fixed,9,,2023-07-30
v1.1,Auth,BUG-1121,API returns 500 error,High,Open,50,,2024-09-02
v1.1,Dashboard,BUG-1122,Filter not working on date range,Low,Open,43,,2023-05-15
v1.1,Auth,BUG-1123,Crash on empty form submission,Low,Fixed,9,22.4,2024-06-22
v2.0,Profile,BUG-1124,CSV export missing columns,Medium,Fixed,15,28.4,2023-02-14
v2.2,UI,BUG-1125,Authentication token expiry issue,Medium,Reopened,4,30.0,2024-02-16
v2.2,Database,BUG-1126,Dashboard not loading on mobile,High,Fixed,10,2.4,2023-10-09
v2.2,Profile,BUG-1127,Memory leak in background service,High,Fixed,30,15.4,2024-03-16
v3.0,UI,BUG-1128,API returns 500 error,Medium,Reopened,27,10.5,2024-04-09
v1.2,API,BUG-1129,Crash on empty form submission,Medium,Fixed,10,,2024-04-30
v1.0,API,BUG-1130,Search returns wrong results,Medium,Fixed,9,16.9,2024-08-23
v2.2,Payment,BUG-1131,Slow query execution in reports,Medium,Fixed,49,13.0,2023-02-22
v1.2,Payment,BUG-1132,Push notification not received,Medium,Open,31,7.1,2023-04-21
v1.0,Notifications,BUG-1133,Push notification not received,Low,Fixed,36,29.2,2024-09-28
v1.0,Auth,BUG-1134,UI elements misaligned on Safari,Low,Fixed,49,9.6,2023-12-14
v1.1,Auth,BUG-1135,Memory leak in background service,Low,Fixed,2,3.2,2024-06-27
v1.2,Dashboard,BUG-1136,Incorrect data displayed after refresh,Medium,Fixed,37,18.1,2023-02-23
v1.0,Payment,BUG-1137,UI elements misaligned on Safari,Medium,Fixed,39,13.5,2023-10-07
v1.2,API,BUG-1138,Search returns wrong results,Low,Fixed,32,,2023-11-12
v2.1,Login,BUG-1139,NullPointerException in login flow,Low,Reopened,50,4.5,2023-09-19
v2.0,API,BUG-1140,Profile picture not uploading,Low,Fixed,15,15.3,2024-11-15
v3.0,Login,BUG-1141,Slow query execution in reports,Low,Reopened,21,17.5,2024-08-10
v1.2,Payment,BUG-1142,Memory leak in background service,Low,Fixed,40,14.1,2024-12-07
v3.0,Payment,BUG-1143,Database connection drops randomly,Medium,Fixed,6,12.2,2023-11-14
v3.0,Dashboard,BUG-1144,Dashboard not loading on mobile,Medium,Open,33,6.2,2023-12-24
v2.2,Dashboard,BUG-1145,Database connection drops randomly,Low,Fixed,12,,2024-11-02
v2.2,Database,BUG-1146,Button unresponsive after first click,High,Fixed,29,20.6,2024-08-01
v1.2,Profile,BUG-1147,Notification delay observed,Medium,Fixed,41,9.4,2023-10-09
v1.0,Notifications,BUG-1148,Button unresponsive after first click,Medium,Open,19,2.8,2023-04-03
v2.0,Auth,BUG-1149,Filter not working on date range,High,Fixed,3,13.8,2024-08-08
v2.0,UI,BUG-1150,Notification delay observed,High,Fixed,22,29.5,2023-03-28
v1.1,Database,BUG-1151,Button unresponsive after first click,Medium,Fixed,24,11.5,2023-10-17
v2.2,Auth,BUG-1152,Payment gateway timeout,High,Fixed,5,10.2,2024-07-25
v2.2,Auth,BUG-1153,Notification delay observed,Medium,Fixed,10,27.5,2023-11-14
v2.0,Dashboard,BUG-1154,Password reset link expiring early,Medium,Open,36,11.6,2023-12-03
v3.0,UI,BUG-1155,Dashboard not loading on mobile,Medium,Fixed,24,1.0,2023-11-13
v3.0,Database,BUG-1156,API returns 500 error,Low,Open,5,9.2,2023-04-14
v2.2,UI,BUG-1157,Payment gateway timeout,Medium,Reopened,40,4.4,2024-01-21
v2.2,Auth,BUG-1158,Profile picture not uploading,Medium,Open,24,20.5,2023-09-01
v3.0,Database,BUG-1159,Database connection drops randomly,Medium,Fixed,31,27.2,2023-07-18
v2.0,Database,BUG-1160,Authentication token expiry issue,High,Fixed,27,29.0,2023-07-24
v1.2,Login,BUG-1161,Session timeout too aggressive,High,Fixed,7,21.5,2024-06-12
v3.0,Dashboard,BUG-1162,UI elements misaligned on Safari,Medium,Fixed,28,3.2,2023-08-16
v1.0,API,BUG-1163,Payment gateway timeout,Medium,Fixed,25,29.8,2024-01-19
v1.0,Profile,BUG-1164,Notification delay observed,Low,Fixed,31,21.0,2023-05-23
v2.1,Login,BUG-1165,Dashboard not loading on mobile,Low,Open,10,16.7,2024-09-15
v1.2,Search,BUG-1166,Authentication token expiry issue,Low,Open,41,,2024-04-13
v2.0,Auth,BUG-1167,Filter not working on date range,Low,Fixed,16,21.7,2023-10-26
v1.1,Auth,BUG-1168,Slow query execution in reports,Low,Fixed,34,29.3,2023-03-11
v3.0,UI,BUG-1169,Filter not working on date range,,Reopened,3,19.3,2024-01-18
v3.0,Payment,BUG-1170,Incorrect data displayed after refresh,Low,Fixed,7,23.3,2023-12-07
v1.2,Dashboard,BUG-1171,Button unresponsive after first click,High,Fixed,12,24.4,2023-03-06
v1.0,Notifications,BUG-1172,API returns 500 error,Low,Open,3,9.8,2023-11-14
v2.1,Database,BUG-1173,UI elements misaligned on Safari,Low,Fixed,19,11.0,2023-02-18
v1.0,Profile,BUG-1174,Slow query execution in reports,High,Fixed,25,10.5,2023-07-11
v3.0,UI,BUG-1175,UI elements misaligned on Safari,High,Fixed,6,13.2,2023-07-04
v1.0,Profile,BUG-1176,Authentication token expiry issue,,Fixed,28,5.4,2024-03-30
v3.0,Profile,BUG-1177,Password reset link expiring early,High,Fixed,4,2.7,2024-10-14
v2.2,Dashboard,BUG-1178,NullPointerException in login flow,Low,Fixed,29,1.5,2023-03-10
v1.2,API,BUG-1179,Push notification not received,Low,Open,29,28.5,2024-01-16
v1.1,UI,BUG-1180,Incorrect data displayed after refresh,Medium,Fixed,16,28.8,2023-01-27
v2.0,UI,BUG-1181,Search returns wrong results,Low,Fixed,29,6.8,2024-09-18
v2.0,Search,BUG-1182,Search returns wrong results,Low,Open,12,27.0,2024-03-31
v3.0,Profile,BUG-1183,Incorrect data displayed after refresh,Medium,Fixed,19,26.8,2023-06-11
v2.2,Dashboard,BUG-1184,Incorrect data displayed after refresh,,Open,13,23.9,2023-08-31
v2.1,Auth,BUG-1185,Incorrect data displayed after refresh,Medium,Reopened,9,,2023-03-30
v2.2,Database,BUG-1186,CSV export missing columns,Medium,Fixed,37,2.7,2023-11-21
v2.2,UI,BUG-1187,Incorrect data displayed after refresh,Low,Reopened,36,19.4,2023-07-06
v2.1,Login,BUG-1188,Search returns wrong results,Medium,Fixed,11,10.0,2024-12-27
v2.1,Notifications,BUG-1189,Dashboard not loading on mobile,Low,Fixed,36,8.6,2024-10-02
v2.1,Dashboard,BUG-1190,Push notification not received,High,Open,43,18.9,2024-09-11
v1.0,Login,BUG-1191,Dashboard not loading on mobile,Low,Fixed,37,8.3,2023-08-04
v2.2,Login,BUG-1192,Session timeout too aggressive,High,Fixed,42,28.7,2024-05-09
v2.0,Notifications,BUG-1193,Button unresponsive after first click,Low,Open,29,12.8,2024-04-20
v1.2,Profile,BUG-1194,Incorrect data displayed after refresh,High,Open,24,15.7,2023-04-19
v1.2,Database,BUG-1195,Database connection drops randomly,Low,Open,25,26.0,2024-03-04
v1.1,Profile,BUG-1196,Push notification not received,Medium,Open,11,15.2,2024-06-11
v2.0,Login,BUG-1197,Dashboard not loading on mobile,High,Fixed,16,,2023-12-28
v2.1,Database,BUG-1198,Authentication token expiry issue,Medium,Reopened,28,4.5,2023-09-28
v1.2,Login,BUG-1199,Memory leak in background service,Low,Fixed,24,16.8,2023-03-17
v2.1,Notifications,BUG-1200,Password reset link expiring early,Medium,Open,7,12.1,2023-12-14
v1.1,Search,BUG-1201,Password reset link expiring early,Medium,Fixed,3,1.6,2024-12-31
v2.0,Dashboard,BUG-1202,Password reset link expiring early,High,Open,40,9.9,2024-02-07
v1.2,Auth,BUG-1203,Crash on empty form submission,,Fixed,32,21.4,2023-11-03
v1.2,Payment,BUG-1204,Slow query execution in reports,Medium,Fixed,47,,2024-10-06
v2.2,Auth,BUG-1205,Push notification not received,Low,Open,31,5.5,2024-10-06
v2.0,Dashboard,BUG-1206,Database connection drops randomly,Low,Reopened,8,6.1,2024-03-27
v2.2,Search,BUG-1207,Slow query execution in reports,Medium,Fixed,31,26.2,2023-03-05
v2.1,Profile,BUG-1208,Session timeout too aggressive,Medium,Fixed,12,14.1,2024-06-29
v3.0,Notifications,BUG-1209,Password reset link expiring early,Medium,Reopened,18,17.0,2023-08-19
v3.0,Notifications,BUG-1210,API returns 500 error,Medium,Fixed,31,10.8,2023-10-08
v2.1,API,BUG-1211,Memory leak in background service,High,Reopened,10,9.1,2023-10-22
v2.0,Notifications,BUG-1212,Session timeout too aggressive,Low,Reopened,18,28.0,2024-12-13
v2.2,Auth,BUG-1213,Database connection drops randomly,Low,Fixed,34,,2023-08-27
v2.2,Database,BUG-1214,Search returns wrong results,Medium,Open,36,29.3,2023-06-11
v2.0,Database,BUG-1215,API returns 500 error,High,Fixed,19,19.6,2023-04-02
v2.2,Login,BUG-1216,Profile picture not uploading,Medium,Reopened,3,29.9,2024-02-11
v2.2,Notifications,BUG-1217,Payment gateway timeout,Low,Fixed,7,27.9,2023-12-10
v2.1,UI,BUG-1218,Session timeout too aggressive,High,Open,33,14.3,2023-07-17
v2.2,Database,BUG-1219,UI elements misaligned on Safari,Medium,Open,22,23.8,2024-08-04
v2.1,API,BUG-1220,Slow query execution in reports,Medium,Open,43,3.3,2023-05-24
v1.0,Notifications,BUG-1221,Memory leak in background service,Low,Fixed,22,,2024-08-09
v2.2,Search,BUG-1222,Payment gateway timeout,Medium,Fixed,11,12.5,2024-05-29
v3.0,Notifications,BUG-1223,Search returns wrong results,Medium,Reopened,24,18.6,2023-08-13
v2.0,Auth,BUG-1224,Incorrect data displayed after refresh,Medium,Fixed,31,22.8,2024-11-11
v2.2,Auth,BUG-1225,Dashboard not loading on mobile,Medium,Fixed,24,2.8,2024-07-31
v2.1,Search,BUG-1226,Push notification not received,Medium,Open,34,13.5,2024-11-27
v1.0,UI,BUG-1227,Button unresponsive after first click,High,Fixed,33,,2024-07-31
v3.0,Notifications,BUG-1228,NullPointerException in login flow,Medium,Reopened,48,,2023-03-16
v1.0,UI,BUG-1229,Payment gateway timeout,High,Open,31,1.4,2024-02-23
v2.2,API,BUG-1230,Incorrect data displayed after refresh,High,Fixed,25,11.6,2024-11-30
v1.1,Profile,BUG-1231,Search returns wrong results,Low,Fixed,34,4.3,2023-08-17
v1.2,Database,BUG-1232,Filter not working on date range,Medium,Fixed,15,7.8,2023-12-21
v2.2,Payment,BUG-1233,Payment gateway timeout,High,Fixed,50,28.1,2023-01-17
v2.1,Login,BUG-1234,Button unresponsive after first click,Medium,Fixed,4,7.7,2023-02-15
v1.1,Login,BUG-1235,Notification delay observed,Medium,Fixed,47,17.5,2024-08-14
v1.2,Search,BUG-1236,Authentication token expiry issue,High,Reopened,34,7.0,2023-11-04
v2.1,Dashboard,BUG-1237,Slow query execution in reports,Medium,Open,23,28.3,2024-11-18
v2.2,API,BUG-1238,Slow query execution in reports,Low,Fixed,49,16.4,2023-09-04
v2.2,Dashboard,BUG-1239,Button unresponsive after first click,High,Fixed,27,16.9,2023-05-18
v1.2,Payment,BUG-1240,Button unresponsive after first click,High,Open,47,25.0,2023-02-22
v2.1,Login,BUG-1241,Dashboard not loading on mobile,Low,Fixed,47,20.3,2023-08-11
v1.2,Notifications,BUG-1242,NullPointerException in login flow,Low,Open,48,4.0,2024-05-05
v2.2,Search,BUG-1243,Memory leak in background service,High,Fixed,50,8.9,2024-04-22
v1.2,Profile,BUG-1244,CSV export missing columns,High,Fixed,47,14.3,2023-11-24
v2.0,Login,BUG-1245,Push notification not received,High,Fixed,2,8.2,2024-08-21
v1.1,Search,BUG-1246,Crash on empty form submission,Low,Fixed,16,15.2,2024-11-01
v3.0,Database,BUG-1247,Session timeout too aggressive,Medium,Fixed,23,5.5,2024-07-13
v2.1,Login,BUG-1248,CSV export missing columns,Low,Reopened,43,1.9,2023-01-07
v1.1,Payment,BUG-1249,Notification delay observed,Low,Fixed,24,2.3,2024-10-15
v2.0,Database,BUG-1250,NullPointerException in login flow,Low,Fixed,1,1.0,2023-10-09
v2.1,API,BUG-1251,Profile picture not uploading,Low,Open,10,7.6,2024-09-26
v1.2,API,BUG-1252,Dashboard not loading on mobile,Medium,Fixed,37,7.7,2024-12-14
v3.0,Payment,BUG-1253,Payment gateway timeout,Low,Fixed,36,,2024-10-14
v2.0,API,BUG-1254,Crash on empty form submission,Medium,Reopened,7,26.9,2023-02-13
v2.2,Auth,BUG-1255,Session timeout too aggressive,,Reopened,44,27.8,2024-07-10
v3.0,Profile,BUG-1256,NullPointerException in login flow,High,Fixed,49,24.7,2024-02-12
v2.1,Search,BUG-1257,Push notification not received,High,Fixed,35,10.3,2023-05-24
v1.0,UI,BUG-1258,Incorrect data displayed after refresh,Low,Fixed,5,10.5,2024-09-20
v3.0,Profile,BUG-1259,NullPointerException in login flow,Medium,Fixed,29,15.0,2023-12-31
v1.1,Auth,BUG-1260,Memory leak in background service,Low,Fixed,16,21.5,2023-03-26
v3.0,Dashboard,BUG-1261,Memory leak in background service,Medium,Open,1,28.3,2024-03-31
v1.1,Payment,BUG-1262,Profile picture not uploading,Medium,Fixed,33,12.5,2023-01-27
v2.1,Auth,BUG-1263,Crash on empty form submission,High,Open,27,11.9,2023-03-28
v1.1,Auth,BUG-1264,CSV export missing columns,Low,Fixed,9,8.4,2023-10-02
v2.0,Notifications,BUG-1265,Slow query execution in reports,Low,Fixed,24,7.9,2023-09-10
v2.1,Search,BUG-1266,Button unresponsive after first click,Low,Fixed,26,10.3,2024-09-27
v2.0,Profile,BUG-1267,Slow query execution in reports,High,Reopened,39,4.5,2023-11-25
v2.0,Profile,BUG-1268,Profile picture not uploading,High,Reopened,19,22.2,2024-10-10
v1.1,Profile,BUG-1269,Memory leak in background service,Low,Fixed,24,3.9,2024-07-31
v1.1,UI,BUG-1270,NullPointerException in login flow,High,Fixed,46,6.7,2023-10-26
v3.0,API,BUG-1271,Session timeout too aggressive,Low,Fixed,17,19.9,2024-03-09
v2.1,Database,BUG-1272,Push notification not received,Medium,Fixed,45,12.8,2023-02-07
v3.0,UI,BUG-1273,Password reset link expiring early,Medium,Open,50,7.8,2024-11-11
v1.0,Auth,BUG-1274,Memory leak in background service,High,Fixed,28,3.6,2023-04-11
v2.1,UI,BUG-1275,Push notification not received,Medium,Open,24,12.0,2024-11-26
v1.2,Login,BUG-1276,Session timeout too aggressive,Low,Fixed,6,3.9,2023-05-26
v3.0,Search,BUG-1277,CSV export missing columns,Medium,Fixed,29,21.8,2024-04-08
v3.0,Payment,BUG-1278,NullPointerException in login flow,High,Fixed,44,24.1,2023-09-07
v1.2,UI,BUG-1279,Slow query execution in reports,High,Open,26,19.1,2023-07-10
v1.0,Auth,BUG-1280,API returns 500 error,Medium,Fixed,1,21.3,2023-07-30
v3.0,Payment,BUG-1281,Push notification not received,Low,Reopened,12,11.3,2023-07-21
v3.0,Database,BUG-1282,CSV export missing columns,High,Fixed,25,18.5,2024-08-24
v2.0,Auth,BUG-1283,Profile picture not uploading,High,Fixed,20,27.6,2024-08-27
v1.0,Search,BUG-1284,Authentication token expiry issue,Low,Fixed,10,15.6,2024-03-04
v2.0,Dashboard,BUG-1285,Session timeout too aggressive,Medium,Fixed,42,28.0,2023-06-27
v1.1,Dashboard,BUG-1286,Crash on empty form submission,High,Fixed,23,28.6,2024-05-11
v2.1,UI,BUG-1287,Session timeout too aggressive,Medium,Fixed,46,25.3,2024-05-15
v3.0,Search,BUG-1288,Authentication token expiry issue,Low,Open,19,5.5,2024-04-13
v2.0,UI,BUG-1289,CSV export missing columns,Low,Open,50,16.5,2024-01-11
v3.0,Database,BUG-1290,Filter not working on date range,Low,Fixed,48,25.0,2023-09-11
v2.0,Notifications,BUG-1291,Incorrect data displayed after refresh,High,Open,8,23.4,2023-08-31
v2.2,Profile,BUG-1292,Password reset link expiring early,Medium,Open,9,23.7,2023-07-31
v2.1,Notifications,BUG-1293,Password reset link expiring early,Medium,Fixed,46,9.1,2024-08-09
v2.2,Payment,BUG-1294,Notification delay observed,High,Fixed,4,29.8,2024-11-02
v1.1,Dashboard,BUG-1295,Crash on empty form submission,High,Fixed,44,12.1,2023-05-26
v2.0,API,BUG-1296,Button unresponsive after first click,Low,Fixed,50,3.2,2024-06-11
v1.2,Database,BUG-1297,Session timeout too aggressive,Medium,Open,50,25.5,2023-04-06
v2.2,Profile,BUG-1298,Dashboard not loading on mobile,High,Fixed,28,24.8,2024-05-21
v1.2,UI,BUG-1299,Push notification not received,Low,Reopened,22,,2023-02-19
v3.0,Database,BUG-1300,NullPointerException in login flow,Low,Reopened,29,14.0,2024-03-14
v1.1,Notifications,BUG-1301,Profile picture not uploading,High,Reopened,6,19.8,2023-09-14
v2.2,Dashboard,BUG-1302,Payment gateway timeout,Medium,Fixed,45,22.8,2024-03-15
v1.0,Search,BUG-1303,Session timeout too aggressive,Low,Fixed,34,,2023-01-10
v1.0,API,BUG-1304,Notification delay observed,Medium,Open,6,22.1,2023-04-15
v1.2,Dashboard,BUG-1305,Memory leak in background service,High,Fixed,9,19.4,2024-11-24
v1.0,Auth,BUG-1306,Profile picture not uploading,Medium,Fixed,41,22.6,2024-02-26
v1.1,Payment,BUG-1307,Search returns wrong results,Low,Open,47,11.8,2024-03-15
v1.2,Payment,BUG-1308,Database connection drops randomly,Medium,Fixed,39,,2024-12-08
v1.2,Search,BUG-1309,CSV export missing columns,Medium,Open,26,9.2,2023-02-25
v1.1,Database,BUG-1310,Memory leak in background service,Low,Fixed,39,2.6,2023-01-13
v1.1,API,BUG-1311,Push notification not received,Medium,Fixed,12,,2023-03-16
v1.2,Search,BUG-1312,Payment gateway timeout,High,Reopened,26,15.4,2024-10-05
v2.0,API,BUG-1313,Dashboard not loading on mobile,Medium,Fixed,10,,2023-11-14
v3.0,Dashboard,BUG-1314,Filter not working on date range,Medium,Fixed,49,25.1,2024-11-28
v2.0,Search,BUG-1315,Payment gateway timeout,Low,Reopened,8,,2024-09-15
v2.2,Dashboard,BUG-1316,Search returns wrong results,Low,Open,1,5.3,2023-12-22
v2.2,Notifications,BUG-1317,Profile picture not uploading,,Fixed,18,22.1,2023-05-01
v3.0,API,BUG-1318,UI elements misaligned on Safari,Medium,Fixed,37,19.0,2024-05-23
v2.0,Auth,BUG-1319,Profile picture not uploading,Medium,Fixed,7,26.9,2024-11-21
v2.1,Login,BUG-1320,Payment gateway timeout,High,Open,3,14.4,2024-01-28
v3.0,Login,BUG-1321,Filter not working on date range,High,Fixed,42,12.9,2023-11-26
v1.2,Notifications,BUG-1322,Dashboard not loading on mobile,Medium,Open,44,27.1,2023-07-03
v1.0,API,BUG-1323,Dashboard not loading on mobile,High,Reopened,50,25.4,2023-12-02
v1.2,Search,BUG-1324,Authentication token expiry issue,Medium,Fixed,40,7.7,2024-01-13
v3.0,Search,BUG-1325,Filter not working on date range,High,Open,1,28.0,2023-01-25
v3.0,Login,BUG-1326,Crash on empty form submission,Low,Fixed,48,22.0,2023-04-17
v2.0,Database,BUG-1327,Payment gateway timeout,High,Open,18,3.2,2023-08-26
v2.2,Profile,BUG-1328,Button unresponsive after first click,High,Open,7,15.4,2024-10-14
v2.1,Login,BUG-1329,Slow query execution in reports,Medium,Open,19,8.2,2023-11-19
v3.0,Profile,BUG-1330,Crash on empty form submission,Medium,Open,13,4.5,2024-08-21
v2.0,Database,BUG-1331,Crash on empty form submission,Medium,Fixed,50,6.6,2023-11-12
v1.0,Dashboard,BUG-1332,Authentication token expiry issue,High,Fixed,3,6.8,2023-12-02
v1.2,API,BUG-1333,CSV export missing columns,Low,Fixed,12,1.4,2024-02-19
v2.1,Search,BUG-1334,Search returns wrong results,Medium,Reopened,9,4.1,2023-03-05
v1.1,Search,BUG-1335,Memory leak in background service,Medium,Fixed,42,3.0,2024-08-23
v1.0,Payment,BUG-1336,API returns 500 error,High,Fixed,9,3.2,2023-12-06
v1.0,Dashboard,BUG-1337,Push notification not received,Medium,Fixed,32,1.4,2024-11-30
v1.1,Notifications,BUG-1338,UI elements misaligned on Safari,Medium,Open,40,18.8,2023-09-09
v2.1,Database,BUG-1339,Payment gateway timeout,Low,Fixed,27,6.4,2024-06-22
v2.1,Login,BUG-1340,Memory leak in background service,High,Fixed,35,23.6,2023-12-19
v2.0,Notifications,BUG-1341,Profile picture not uploading,Low,Fixed,2,,2023-10-15
v2.1,Profile,BUG-1342,Push notification not received,High,Reopened,7,7.8,2023-09-04
v2.2,Login,BUG-1343,Database connection drops randomly,Medium,Reopened,25,11.0,2023-06-27
v3.0,Profile,BUG-1344,Push notification not received,Low,Fixed,37,17.1,2024-07-30
v3.0,Database,BUG-1345,Filter not working on date range,Medium,Fixed,6,2.2,2024-09-08
v1.0,Profile,BUG-1346,Password reset link expiring early,Low,Open,46,,2023-11-28
v2.2,Dashboard,BUG-1347,Search returns wrong results,High,Reopened,5,11.5,2024-11-09
v1.2,Profile,BUG-1348,Notification delay observed,High,Fixed,28,23.9,2024-05-13
v2.1,Auth,BUG-1349,Incorrect data displayed after refresh,Low,Fixed,12,11.7,2024-12-06
v1.0,Auth,BUG-1350,Memory leak in background service,High,Fixed,37,1.5,2024-09-08
v2.1,Search,BUG-1351,Push notification not received,Low,Fixed,22,22.5,2023-09-01
v2.2,Payment,BUG-1352,Crash on empty form submission,Medium,Fixed,16,20.9,2023-12-25
v1.0,Login,BUG-1353,Memory leak in background service,Medium,Fixed,11,26.6,2024-05-19
v2.0,Payment,BUG-1354,Session timeout too aggressive,High,Fixed,49,20.8,2023-06-16
v1.0,Notifications,BUG-1355,NullPointerException in login flow,Medium,Reopened,5,10.6,2024-01-20
v1.0,Profile,BUG-1356,Password reset link expiring early,High,Reopened,46,1.4,2024-10-31
v1.1,Login,BUG-1357,Search returns wrong results,Medium,Reopened,27,21.1,2024-07-07
v1.1,Payment,BUG-1358,Payment gateway timeout,Medium,Fixed,32,,2024-01-05
v3.0,Auth,BUG-1359,Session timeout too aggressive,Low,Open,11,19.3,2023-03-25
v3.0,API,BUG-1360,Session timeout too aggressive,Medium,Fixed,6,19.4,2024-02-01
v1.2,Dashboard,BUG-1361,Button unresponsive after first click,Low,Fixed,17,7.2,2023-10-03
v2.2,Payment,BUG-1362,Dashboard not loading on mobile,Medium,Reopened,27,29.1,2024-08-26
v2.0,UI,BUG-1363,Slow query execution in reports,High,Fixed,31,17.4,2023-08-30
v3.0,Login,BUG-1364,CSV export missing columns,Medium,Fixed,37,20.5,2024-09-27
v2.0,Dashboard,BUG-1365,Profile picture not uploading,High,Reopened,9,1.8,2023-03-22
v3.0,Dashboard,BUG-1366,Password reset link expiring early,Low,Reopened,5,3.1,2024-07-23
v1.2,UI,BUG-1367,Button unresponsive after first click,High,Open,45,18.9,2024-06-19
v1.1,Dashboard,BUG-1368,Push notification not received,Medium,Fixed,7,27.8,2024-07-30
v3.0,UI,BUG-1369,Incorrect data displayed after refresh,High,Fixed,42,14.8,2024-09-15
v2.0,Dashboard,BUG-1370,Password reset link expiring early,,Fixed,3,12.2,2023-12-06
v2.0,Notifications,BUG-1371,Incorrect data displayed after refresh,Low,Reopened,20,9.7,2024-05-18
v3.0,Search,BUG-1372,Notification delay observed,Medium,Fixed,50,24.9,2023-10-03
v1.0,Search,BUG-1373,Button unresponsive after first click,Low,Reopened,48,14.8,2024-06-12
v2.1,Dashboard,BUG-1374,Dashboard not loading on mobile,,Fixed,9,23.5,2024-06-20
v1.1,Search,BUG-1375,Payment gateway timeout,Low,Fixed,24,21.3,2023-10-08
v2.0,Payment,BUG-1376,NullPointerException in login flow,Low,Fixed,29,5.7,2024-04-30
v1.1,Notifications,BUG-1377,Dashboard not loading on mobile,Low,Fixed,11,25.7,2023-08-08
v2.2,Search,BUG-1378,UI elements misaligned on Safari,Medium,Fixed,50,,2024-11-29
v2.2,Dashboard,BUG-1379,Password reset link expiring early,High,Open,39,24.3,2023-11-09
v1.2,API,BUG-1380,Memory leak in background service,High,Fixed,14,14.3,2024-11-24
v2.1,Payment,BUG-1381,NullPointerException in login flow,Medium,Fixed,24,17.1,2024-08-31
v1.0,Database,BUG-1382,Dashboard not loading on mobile,Medium,Fixed,21,25.9,2023-09-25
v2.2,Notifications,BUG-1383,API returns 500 error,Low,Fixed,4,24.3,2024-09-06
v1.1,Login,BUG-1384,Session timeout too aggressive,High,Fixed,27,12.4,2023-02-06
v3.0,Search,BUG-1385,Crash on empty form submission,Medium,Open,35,19.3,2024-05-02
v2.1,Notifications,BUG-1386,Profile picture not uploading,High,Reopened,12,9.2,2024-04-27
v3.0,UI,BUG-1387,Profile picture not uploading,High,Reopened,42,3.1,2023-12-30
v2.0,Profile,BUG-1388,Incorrect data displayed after refresh,Low,Fixed,8,14.4,2024-10-11
v1.0,Database,BUG-1389,API returns 500 error,Medium,Reopened,25,,2024-02-28
v1.1,Search,BUG-1390,Crash on empty form submission,Medium,Fixed,30,4.7,2023-07-04
v2.2,Dashboard,BUG-1391,Crash on empty form submission,Medium,Open,18,6.7,2023-06-22
v3.0,Payment,BUG-1392,Notification delay observed,,Fixed,26,13.2,2024-05-03
v1.1,Profile,BUG-1393,NullPointerException in login flow,High,Fixed,34,,2024-11-23
v1.1,Profile,BUG-1394,Authentication token expiry issue,Low,Fixed,38,9.5,2023-03-08
v1.2,Database,BUG-1395,CSV export missing columns,Medium,Fixed,44,29.9,2023-12-17
v3.0,Search,BUG-1396,Profile picture not uploading,High,Reopened,26,1.1,2023-08-18
v2.2,Login,BUG-1397,Push notification not received,Medium,Open,46,19.7,2023-02-08
v3.0,UI,BUG-1398,Password reset link expiring early,Low,Reopened,43,,2023-01-21
v2.0,API,BUG-1399,Search returns wrong results,Medium,Fixed,10,6.6,2024-12-03
v2.2,Payment,BUG-1400,CSV export missing columns,Low,Fixed,9,12.9,2023-04-18
v1.2,Payment,BUG-1401,Search returns wrong results,Medium,Fixed,50,8.3,2024-06-19
v2.0,Notifications,BUG-1402,Profile picture not uploading,,Fixed,14,20.8,2024-05-07
v2.2,Payment,BUG-1403,Search returns wrong results,High,Fixed,10,,2024-06-07
v1.2,Search,BUG-1404,Button unresponsive after first click,High,Fixed,30,2.0,2023-06-28
v1.2,Profile,BUG-1405,Slow query execution in reports,Medium,Open,49,26.8,2023-01-10
v1.1,Profile,BUG-1406,Incorrect data displayed after refresh,High,Reopened,18,26.4,2023-04-06
v1.0,API,BUG-1407,Memory leak in background service,High,Fixed,25,20.9,2024-05-04
v3.0,Dashboard,BUG-1408,Search returns wrong results,Low,Fixed,11,3.6,2024-08-27
v2.0,Dashboard,BUG-1409,Password reset link expiring early,Medium,Fixed,2,25.9,2023-05-14
v2.0,Database,BUG-1410,Payment gateway timeout,Low,Fixed,1,21.3,2024-11-25
v2.2,Auth,BUG-1411,Database connection drops randomly,High,Fixed,22,15.8,2024-12-05
v2.2,Search,BUG-1412,Session timeout too aggressive,Medium,Fixed,25,4.9,2024-07-25
v1.0,Dashboard,BUG-1413,CSV export missing columns,High,Reopened,11,2.7,2024-05-18
v1.2,Login,BUG-1414,CSV export missing columns,Low,Fixed,26,24.6,2023-03-22
v2.0,Payment,BUG-1415,Session timeout too aggressive,Medium,Open,32,22.5,2023-01-19
v2.1,UI,BUG-1416,NullPointerException in login flow,High,Fixed,40,19.3,2024-06-04
v2.0,Profile,BUG-1417,Incorrect data displayed after refresh,High,Reopened,30,10.3,2024-09-26
v1.2,Database,BUG-1418,Search returns wrong results,Low,Fixed,1,10.6,2024-10-10
v2.1,Profile,BUG-1419,Search returns wrong results,Low,Open,9,24.7,2024-02-24
v1.1,Payment,BUG-1420,Memory leak in background service,,Reopened,13,21.6,2023-04-21
v2.2,Auth,BUG-1421,Search returns wrong results,High,Fixed,43,17.9,2024-05-31
v2.1,Login,BUG-1422,Filter not working on date range,High,Reopened,31,27.8,2023-07-01
v3.0,Dashboard,BUG-1423,Search returns wrong results,Medium,Fixed,21,15.4,2024-01-29
v2.2,Search,BUG-1424,UI elements misaligned on Safari,Medium,Fixed,19,13.9,2023-05-17
v2.2,UI,BUG-1425,Authentication token expiry issue,High,Fixed,21,21.5,2024-07-20
v2.1,Notifications,BUG-1426,Incorrect data displayed after refresh,High,Open,46,19.7,2023-07-02
v1.2,Payment,BUG-1427,Incorrect data displayed after refresh,Medium,Fixed,43,21.4,2024-11-21
v1.2,API,BUG-1428,NullPointerException in login flow,Medium,Open,10,2.1,2023-02-27
v1.1,Notifications,BUG-1429,UI elements misaligned on Safari,Low,Open,19,,2024-07-08
v1.0,Auth,BUG-1430,Filter not working on date range,High,Fixed,36,12.0,2024-06-07
v1.2,Login,BUG-1431,Memory leak in background service,Medium,Reopened,44,,2024-07-19
v1.1,Auth,BUG-1432,Button unresponsive after first click,High,Reopened,46,21.4,2024-01-12
v2.1,Search,BUG-1433,API returns 500 error,Low,Open,44,2.7,2023-06-27
v1.0,API,BUG-1434,UI elements misaligned on Safari,Medium,Open,38,25.5,2023-01-06
v1.1,Login,BUG-1435,Notification delay observed,High,Fixed,50,28.0,2024-09-22
v3.0,Auth,BUG-1436,Filter not working on date range,Medium,Fixed,21,16.0,2023-07-08
v1.1,API,BUG-1437,Filter not working on date range,Medium,Open,15,26.6,2024-11-10
v1.1,Auth,BUG-1438,CSV export missing columns,Medium,Fixed,49,29.4,2023-01-10
v1.1,Auth,BUG-1439,Password reset link expiring early,Low,Open,21,11.8,2023-04-27
v1.2,Login,BUG-1440,CSV export missing columns,High,Fixed,33,13.6,2023-02-14
v1.2,UI,BUG-1441,Dashboard not loading on mobile,High,Open,50,16.4,2023-01-08
v2.2,Search,BUG-1442,Slow query execution in reports,High,Open,45,26.4,2024-03-21
v2.2,Dashboard,BUG-1443,NullPointerException in login flow,Medium,Fixed,6,2.7,2023-07-02
v2.1,Search,BUG-1444,UI elements misaligned on Safari,Medium,Fixed,26,13.3,2023-01-18
v1.0,Auth,BUG-1445,Dashboard not loading on mobile,High,Fixed,45,25.5,2024-01-02
v3.0,Notifications,BUG-1446,Password reset link expiring early,Low,Fixed,29,,2024-11-07
v1.1,Dashboard,BUG-1447,Memory leak in background service,High,Reopened,19,28.8,2023-05-28
v3.0,Profile,BUG-1448,NullPointerException in login flow,Medium,Fixed,8,1.7,2024-08-09
v1.0,Notifications,BUG-1449,API returns 500 error,Medium,Reopened,23,6.7,2024-10-23
v1.1,Search,BUG-1450,Password reset link expiring early,High,Open,12,20.3,2024-08-03
v2.1,Database,BUG-1451,Filter not working on date range,Low,Fixed,17,3.4,2024-08-17
v1.1,Search,BUG-1452,Search returns wrong results,Low,Open,13,9.9,2024-04-06
v2.2,Auth,BUG-1453,Notification delay observed,Medium,Fixed,21,,2023-06-22
v1.1,API,BUG-1454,UI elements misaligned on Safari,High,Open,47,10.3,2024-05-06
v1.2,Database,BUG-1455,Filter not working on date range,Low,Fixed,6,25.3,2023-05-24
v2.2,Payment,BUG-1456,Dashboard not loading on mobile,High,Reopened,41,1.4,2024-08-18
v1.1,Login,BUG-1457,Filter not working on date range,Low,Reopened,35,14.4,2023-06-02
v3.0,Auth,BUG-1458,Authentication token expiry issue,Low,Fixed,6,,2024-05-29
v3.0,Auth,BUG-1459,Profile picture not uploading,High,Open,11,5.8,2024-08-02
v2.2,Database,BUG-1460,Incorrect data displayed after refresh,Low,Fixed,15,2.4,2024-01-14
v2.1,Profile,BUG-1461,Memory leak in background service,Medium,Fixed,3,1.7,2024-10-26
v2.1,Notifications,BUG-1462,UI elements misaligned on Safari,Medium,Fixed,25,19.8,2024-01-10
v1.0,UI,BUG-1463,UI elements misaligned on Safari,Medium,Reopened,34,12.5,2023-12-20
v2.1,Login,BUG-1464,CSV export missing columns,High,Fixed,15,2.8,2024-10-20
v1.1,Profile,BUG-1465,Password reset link expiring early,Medium,Open,15,12.7,2023-12-05
v2.0,Database,BUG-1466,API returns 500 error,Medium,Fixed,27,1.2,2023-02-14
v1.1,UI,BUG-1467,Payment gateway timeout,High,Open,11,8.1,2023-07-04
v2.1,Login,BUG-1468,Authentication token expiry issue,High,Open,39,29.8,2024-05-08
v2.1,Dashboard,BUG-1469,Push notification not received,High,Open,43,15.6,2023-06-21
v2.0,Auth,BUG-1470,Push notification not received,Low,Fixed,9,3.7,2023-07-27
v2.2,API,BUG-1471,Notification delay observed,Medium,Open,40,18.2,2024-06-28
v2.0,Dashboard,BUG-1472,Password reset link expiring early,Medium,Open,50,20.5,2024-03-17
v1.0,UI,BUG-1473,Slow query execution in reports,Low,Reopened,50,11.7,2024-08-26
v3.0,Auth,BUG-1474,Search returns wrong results,Medium,Fixed,50,7.4,2023-03-27
v2.0,Notifications,BUG-1475,API returns 500 error,Low,Fixed,1,17.6,2023-05-01
v1.1,Profile,BUG-1476,Slow query execution in reports,Medium,Open,42,17.8,2023-09-25
v1.2,Auth,BUG-1477,UI elements misaligned on Safari,High,Fixed,14,12.7,2024-07-24
v2.1,Database,BUG-1478,UI elements misaligned on Safari,High,Fixed,50,21.3,2023-05-22
v2.2,Search,BUG-1479,Button unresponsive after first click,High,Reopened,7,6.8,2024-02-15
v2.1,Login,BUG-1480,Profile picture not uploading,Medium,Fixed,6,24.8,2024-04-27
v1.0,Notifications,BUG-1481,Database connection drops randomly,Medium,Fixed,47,11.8,2024-02-15
v2.2,Auth,BUG-1482,Payment gateway timeout,High,Reopened,41,15.1,2023-01-11
v3.0,UI,BUG-1483,Authentication token expiry issue,Low,Fixed,33,15.7,2023-08-26
v1.2,Search,BUG-1484,NullPointerException in login flow,High,Open,18,23.5,2023-12-28
v1.1,UI,BUG-1485,NullPointerException in login flow,Medium,Open,6,16.7,2024-07-26
v3.0,Notifications,BUG-1486,Database connection drops randomly,Medium,Open,26,17.5,2023-09-25
v2.1,Payment,BUG-1487,CSV export missing columns,Low,Reopened,33,28.7,2024-07-04
v2.2,Database,BUG-1488,Memory leak in background service,Medium,Fixed,49,10.5,2024-04-14
v3.0,Login,BUG-1489,Session timeout too aggressive,Low,Open,41,23.8,2023-08-14
v1.2,API,BUG-1490,Incorrect data displayed after refresh,Medium,Open,17,7.8,2023-04-06
v1.2,Payment,BUG-1491,Filter not working on date range,High,Fixed,23,6.9,2024-08-10
v2.2,Search,BUG-1492,Session timeout too aggressive,Medium,Open,16,26.2,2023-07-31
v3.0,Auth,BUG-1493,Incorrect data displayed after refresh,,Open,6,20.4,2024-11-10
v3.0,UI,BUG-1494,Payment gateway timeout,High,Fixed,21,15.0,2024-08-11
v3.0,UI,BUG-1495,UI elements misaligned on Safari,Medium,Fixed,9,2.1,2024-03-09
v2.1,Profile,BUG-1496,Memory leak in background service,High,Fixed,30,29.3,2024-12-16
v1.0,Login,BUG-1497,API returns 500 error,Medium,Open,24,18.6,2023-09-23
v1.2,Database,BUG-1498,Password reset link expiring early,Medium,Open,28,6.7,2024-12-18
v2.0,Notifications,BUG-1499,Button unresponsive after first click,Low,Open,37,20.7,2023-04-13
